{
  "builderType": "pyramidize",
  "builder": {
    "builderType": "uri",
    "providerClassName": "qupath.lib.images.servers.bioformats.BioFormatsServerBuilder",
    "uri": "file:/Users/joshualevy/Documents/GitHub/Cedars_AI_Campus_Tutorials/Project3/QuPath_Examples/wsi_crops/wsi_crop1.jpeg",
    "args": [
      "--series",
      "0"
    ],
    "metadata": {
      "name": "wsi_crop1.jpeg",
      "width": 5000,
      "height": 5000,
      "sizeZ": 1,
      "sizeT": 1,
      "channelType": "DEFAULT",
      "isRGB": true,
      "pixelType": "UINT8",
      "levels": [
        {
          "downsample": 1.0,
          "width": 5000,
          "height": 5000
        }
      ],
      "channels": [
        {
          "name": "Red",
          "color": -65536
        },
        {
          "name": "Green",
          "color": -16711936
        },
        {
          "name": "Blue",
          "color": -16776961
        }
      ],
      "pixelCalibration": {
        "pixelWidth": {
          "value": 1.0,
          "unit": "px"
        },
        "pixelHeight": {
          "value": 1.0,
          "unit": "px"
        },
        "zSpacing": {
          "value": 1.0,
          "unit": "z-slice"
        },
        "timeUnit": "SECONDS",
        "timepoints": []
      },
      "preferredTileWidth": 5000,
      "preferredTileHeight": 5000
    }
  },
  "metadata": {
    "name": "wsi_crop1.jpeg",
    "width": 5000,
    "height": 5000,
    "sizeZ": 1,
    "sizeT": 1,
    "channelType": "DEFAULT",
    "isRGB": true,
    "pixelType": "UINT8",
    "levels": [
      {
        "downsample": 1.0,
        "width": 5000,
        "height": 5000
      },
      {
        "downsample": 4.0,
        "width": 1250,
        "height": 1250
      },
      {
        "downsample": 16.0,
        "width": 312,
        "height": 312
      }
    ],
    "channels": [
      {
        "name": "Red",
        "color": -65536
      },
      {
        "name": "Green",
        "color": -16711936
      },
      {
        "name": "Blue",
        "color": -16776961
      }
    ],
    "pixelCalibration": {
      "pixelWidth": {
        "value": 1.0,
        "unit": "px"
      },
      "pixelHeight": {
        "value": 1.0,
        "unit": "px"
      },
      "zSpacing": {
        "value": 1.0,
        "unit": "z-slice"
      },
      "timeUnit": "SECONDS",
      "timepoints": []
    },
    "preferredTileWidth": 256,
    "preferredTileHeight": 256
  }
}