{
  "builderType": "uri",
  "providerClassName": "qupath.lib.images.servers.bioformats.BioFormatsServerBuilder",
  "uri": "file:/Users/joshualevy/Documents/GitHub/Cedars_AI_Campus_Tutorials/Project3/QuPath_Examples/cell_images/0.png",
  "args": [
    "--series",
    "0"
  ],
  "metadata": {
    "name": "0.png",
    "width": 227,
    "height": 227,
    "sizeZ": 1,
    "sizeT": 1,
    "channelType": "DEFAULT",
    "isRGB": true,
    "pixelType": "UINT8",
    "levels": [
      {
        "downsample": 1.0,
        "width": 227,
        "height": 227
      }
    ],
    "channels": [
      {
        "name": "Red",
        "color": -65536
      },
      {
        "name": "Green",
        "color": -16711936
      },
      {
        "name": "Blue",
        "color": -16776961
      }
    ],
    "pixelCalibration": {
      "pixelWidth": {
        "value": 1.0,
        "unit": "px"
      },
      "pixelHeight": {
        "value": 1.0,
        "unit": "px"
      },
      "zSpacing": {
        "value": 1.0,
        "unit": "z-slice"
      },
      "timeUnit": "SECONDS",
      "timepoints": []
    },
    "preferredTileWidth": 227,
    "preferredTileHeight": 227
  }
}